URL,Category
https://doclib.ngxgroup.com/Financial_NewsDocs/46571_GUARANTY_TRUST_HOLDING_COMPANY_PLC-_NOTICES_OF_ANNUAL_GENERAL_MEETING_(AGM)_-__ANNUAL_GENERAL_MEETING_(AGM)_APRIL_2026.pdf,
https://doclib.ngxgroup.com/Financial_NewsDocs/46554_GUARANTY_TRUST_HOLDING_COMPANY_PLC-TOTAL_VOTING_RIGHTS_CORPORATE_ACTIONS_APRIL_2026.pdf,
https://doclib.ngxgroup.com/Financial_NewsDocs/46540_GUARANTY_TRUST_HOLDING_COMPANY_PLC-GTCO_-_CORPORATE_ANNOUNCEMENT_CORPORATE_ACTIONS_APRIL_2026.pdf,
https://doclib.ngxgroup.com/Financial_NewsDocs/46482_GUARANTY_TRUST_HOLDING_COMPANY_PLC-_QUARTER_5_-_FINANCIAL_STATEMENT_FOR_2025_FINANCIAL_STATEMENTS_MARCH_2026.pdf,Financial Statement
https://doclib.ngxgroup.com/Financial_NewsDocs/46356_GUARANTY_TRUST_HOLDING_COMPANY_PLC-_NOTICES_OF_BOARD_MEETING_(BM)_-_NOTICE_BOARD_MEETING_(BM)_MARCH_2026.pdf,
https://doclib.ngxgroup.com/Financial_NewsDocs/46199_GUARANTY_TRUST_HOLDING_COMPANY_PLC-GTCO_-_APPOINTMENT_OF_AN_INED_CORPORATE_ACTIONS_MARCH_2026.pdf,
https://doclib.ngxgroup.com/Financial_NewsDocs/46178_GUARANTY_TRUST_HOLDING_COMPANY_PLC-GTCO-TOTAL_VOTING_RIGHTS_CORPORATE_ACTIONS_MARCH_2026.pdf,
https://doclib.ngxgroup.com/Financial_NewsDocs/46068_GUARANTY_TRUST_HOLDING_COMPANY_PLC-GTCO-_REPORTING_COMPLIANCE_WITH_NCCG_2018__CORPORATE_ACTIONS_MARCH_2026.pdf,
https://doclib.ngxgroup.com/Financial_NewsDocs/GTCO_-_TOTAL_VOTING_RIGHTS.pdf,
https://doclib.ngxgroup.com/Financial_NewsDocs/GTCO_PUBLICATION_OF_AUDITED_FINANCIAL_STATEMENTS.pdf,
https://doclib.ngxgroup.com/Financial_NewsDocs/GTCO_REPORT_ON_NCCG_2018.pdf,
https://doclib.ngxgroup.com/Financial_NewsDocs/45945_GUARANTY_TRUST_HOLDING_COMPANY_PLC-GTCO-TOTAL_VOTING_RIGHTS_CORPORATE_ACTIONS_FEBRUARY_2026.pdf,
https://doclib.ngxgroup.com/Financial_NewsDocs/45771_GUARANTY_TRUST_HOLDING_COMPANY_PLC-GTCO-ALLOTMENT_ANNOUNCEMENT_CORPORATE_ACTIONS_JANUARY_2026.pdf,
https://doclib.ngxgroup.com/Financial_NewsDocs/45668_GUARANTY_TRUST_HOLDING_COMPANY_PLC-TOTAL_VOTING_RIGHTS_CORPORATE_ACTIONS_JANUARY_2026.pdf,
https://doclib.ngxgroup.com/Listings-site/corporate-disclosure-site/Documents/GTCO_Announcement_of_Private_Placement_.pdf,
https://doclib.ngxgroup.com/Financial_NewsDocs/45535_GUARANTY_TRUST_HOLDING_COMPANY_PLC-_NOTICES_OF_BOARD_MEETING_(BM)_-_NOTICE_BOARD_MEETING_(BM)_DECEMBER_2025.pdf,
https://doclib.ngxgroup.com/Financial_NewsDocs/45527_GUARANTY_TRUST_HOLDING_COMPANY_PLC-GTCO_-_TOTAL_VOTING_RIGHTS_CORPORATE_ACTIONS_DECEMBER_2025.pdf,
https://doclib.ngxgroup.com/Financial_NewsDocs/45254_GUARANTY_TRUST_HOLDING_COMPANY_PLC-_QUARTER_3_-_FINANCIAL_STATEMENT_FOR_2025_FINANCIAL_STATEMENTS_OCTOBER_2025.pdf,Financial Statement
https://doclib.ngxgroup.com/Financial_NewsDocs/45027_GUARANTY_TRUST_HOLDING_COMPANY_PLC-_NOTICES_OF_BOARD_MEETING_(BM)_-_NOTICE_BOARD_MEETING_(BM)_SEPTEMBER_2025.pdf,
https://doclib.ngxgroup.com/Financial_NewsDocs/44999_GUARANTY_TRUST_HOLDING_COMPANY_PLC-GTCO-CORPORATE_ACTIONS_ANNOUNCEMENT__CORPORATE_ACTIONS_SEPTEMBER_2025.pdf,
https://doclib.ngxgroup.com/Financial_NewsDocs/44998_GUARANTY_TRUST_HOLDING_COMPANY_PLC-_QUARTER_2_-_FINANCIAL_STATEMENT_FOR_2025_FINANCIAL_STATEMENTS_SEPTEMBER_2025.pdf,Financial Statement
https://doclib.ngxgroup.com/Listings-site/corporate-disclosure-site/Documents/GTCO_-_CAPITAL_INJECTION_INTO_GUARANTY_TRUST_BANK_LIMITED_.pdf,
https://doclib.ngxgroup.com/Financial_NewsDocs/44872_GUARANTY_TRUST_HOLDING_COMPANY_PLC-GTCO-HALF-YEAR_AUDITED_FINANCIAL_STATEMENTS__CORPORATE_ACTIONS_AUGUST_2025.pdf,
https://doclib.ngxgroup.com/Listings-site/corporate-disclosure-site/Documents/GTCO_APPROVAL_OF__2025_HALF_YEAR_AUDITED_ACCOUNTS_.pdf,
https://doclib.ngxgroup.com/Financial_NewsDocs/44790_GUARANTY_TRUST_HOLDING_COMPANY_PLC-GTCO_-_CANCELLATION_OF_LISTING_OF_GDRS__CORPORATE_ACTIONS_JULY_2025.pdf,
https://doclib.ngxgroup.com/Financial_NewsDocs/44481_GUARANTY_TRUST_HOLDING_COMPANY_PLC-GTCO-TRADING_ON_THE_LONDON_STOCK_EXCHANGE_CORPORATE_ACTIONS_JULY_2025.pdf,
https://doclib.ngxgroup.com/Financial_NewsDocs/44467_GUARANTY_TRUST_HOLDING_COMPANY_PLC-GTCO_-APPROVAL_AND_PUBLICATION_OF_PROSPECTUS_CORPORATE_ACTIONS_JULY_2025.pdf,
https://doclib.ngxgroup.com/Financial_NewsDocs/44463_GUARANTY_TRUST_HOLDING_COMPANY_PLC-GTCO-SUCCESSFUL_PRICING_OF_$105M_PRIMARY_EQUITY__CORPORATE_ACTIONS_JULY_2025.pdf,
https://doclib.ngxgroup.com/Listings-site/corporate-disclosure-site/Documents/GTCO_Equity_Offering_to_Raise_c.US$100_million_.pdf,
https://doclib.ngxgroup.com/Listings-site/corporate-disclosure-site/Documents/GTCO_EXPLANATORY_CIRCULAR_CANCELLATION_OF_GDR_.pdf,
https://doclib.ngxgroup.com/Financial_NewsDocs/44450_GUARANTY_TRUST_HOLDING_COMPANY_PLC-GTCO-NOTICE_OF_CANCELLATION_OF_LISTING_OF_GDRS_CORPORATE_ACTIONS_JULY_2025.pdf,
https://doclib.ngxgroup.com/Financial_NewsDocs/44333_GUARANTY_TRUST_HOLDING_COMPANY_PLC-_NOTICES_OF_BOARD_MEETING_(BM)_-_NOTICE_BOARD_MEETING_(BM)_JUNE_2025.pdf,
https://doclib.ngxgroup.com/Financial_NewsDocs/44240_GUARANTY_TRUST_HOLDING_COMPANY_PLC-NOTIFICATION_OF_CHANGES_TO_THE_BOARD_OF_DIRECTORS_CORPORATE_ACTIONS_JUNE_2025.pdf,
https://doclib.ngxgroup.com/Financial_NewsDocs/44015_GUARANTY_TRUST_HOLDING_COMPANY_PLC-_QUARTER_1_-_FINANCIAL_STATEMENT_FOR_2025_FINANCIAL_STATEMENTS_APRIL_2025.pdf,Financial Statement
https://doclib.ngxgroup.com/Financial_NewsDocs/43967_GUARANTY_TRUST_HOLDING_COMPANY_PLC-GTCO_-_RESOLUTIONS_FROM_THE_4TH_ANNUAL_GENERAL_MEETING_CORPORATE_ACTIONS_APRIL_2025.pdf,
https://doclib.ngxgroup.com/Financial_NewsDocs/43740_GUARANTY_TRUST_HOLDING_COMPANY_PLC-_NOTICES_OF_ANNUAL_GENERAL_MEETING_(AGM)_-__ANNUAL_GENERAL_MEETING_(AGM)_APRIL_2025.pdf,
https://doclib.ngxgroup.com/Financial_NewsDocs/43658_GUARANTY_TRUST_HOLDING_COMPANY_PLC-GTCO-_CORPORATE_ACTIONS_ANNOUNCEMENT__CORPORATE_ACTIONS_APRIL_2025.pdf,
https://doclib.ngxgroup.com/Financial_NewsDocs/43553_GUARANTY_TRUST_HOLDING_COMPANY_PLC-_NOTICES_OF_BOARD_MEETING_(BM)_-_NOTICE_BOARD_MEETING_(BM)_MARCH_2025.pdf,
https://doclib.ngxgroup.com/Financial_NewsDocs/43470_GUARANTY_TRUST_HOLDING_COMPANY_PLC-_QUARTER_5_-_FINANCIAL_STATEMENT_FOR_2024_FINANCIAL_STATEMENTS_MARCH_2025.pdf,Financial Statement
https://doclib.ngxgroup.com/Financial_NewsDocs/43458_GUARANTY_TRUST_HOLDING_COMPANY_PLC-GTCO_-_2024_NCCG_REPORT_CORPORATE_ACTIONS_MARCH_2025.pdf,
https://doclib.ngxgroup.com/Financial_NewsDocs/42670_GUARANTY_TRUST_HOLDING_COMPANY_PLC-_NOTICES_OF_BOARD_MEETING_(BM)_-_NOTICE_BOARD_MEETING_(BM)_DECEMBER_2024.pdf,
https://doclib.ngxgroup.com/Financial_NewsDocs/42460_GUARANTY_TRUST_HOLDING_COMPANY_PLC-_QUARTER_3_-_FINANCIAL_STATEMENT_FOR_2024_FINANCIAL_STATEMENTS_OCTOBER_2024.pdf,Financial Statement
https://doclib.ngxgroup.com/Financial_NewsDocs/GTCO_-_REBUTTAL_OF_FALSE_NEWS_REPORT.pdf,
https://doclib.ngxgroup.com/Financial_NewsDocs/42163_GUARANTY_TRUST_HOLDING_COMPANY_PLC-_NOTICES_OF_BOARD_MEETING_(BM)_-_NOTICE_BOARD_MEETING_(BM)_SEPTEMBER_2024.pdf,
https://doclib.ngxgroup.com/Financial_NewsDocs/42125_GUARANTY_TRUST_HOLDING_COMPANY_PLC-GTCO-CORPORATE_ACTIONS_ANNOUNCEMENT__CORPORATE_ACTIONS_SEPTEMBER_2024.pdf,
https://doclib.ngxgroup.com/Financial_NewsDocs/42120_GUARANTY_TRUST_HOLDING_COMPANY_PLC-_QUARTER_2_-_FINANCIAL_STATEMENT_FOR_2024_FINANCIAL_STATEMENTS_SEPTEMBER_2024.pdf,Financial Statement
https://doclib.ngxgroup.com/Financial_NewsDocs/41689_GUARANTY_TRUST_HOLDING_COMPANY_PLC-GTCO_PUBLIC_OFFER_-_STATUTORY_ADVERTISEMENT_CORPORATE_ACTIONS_JULY_2024.pdf,
https://doclib.ngxgroup.com/Financial_NewsDocs/41496_GUARANTY_TRUST_HOLDING_COMPANY_PLC-_NOTICES_OF_BOARD_MEETING_(BM)_-_NOTICE_BOARD_MEETING_(BM)_JUNE_2024.pdf,
https://doclib.ngxgroup.com/Financial_NewsDocs/41468_GUARANTY_TRUST_HOLDING_COMPANY_PLC-GTCO'S_NOTICE_OF_PROPOSED_OFFERING__CORPORATE_ACTIONS_JUNE_2024.pdf,
https://doclib.ngxgroup.com/Financial_NewsDocs/41229_GUARANTY_TRUST_HOLDING_COMPANY_PLC-GTCO_-_RESOLUTIONS_FROM_THE_3RD_ANNUAL_GENERAL_MEETING_CORPORATE_ACTIONS_MAY_2024.pdf,
https://doclib.ngxgroup.com/Financial_NewsDocs/41179_GUARANTY_TRUST_HOLDING_COMPANY_PLC-_QUARTER_1_-_FINANCIAL_STATEMENT_FOR_2024_FINANCIAL_STATEMENTS_MAY_2024.pdf,Financial Statement
https://doclib.ngxgroup.com/Financial_NewsDocs/40968_GUARANTY_TRUST_HOLDING_COMPANY_PLC-GTCO_-_CORPORATE_ACTIONS_ANNOUNCEMENT__CORPORATE_ACTIONS_APRIL_2024.pdf,
https://doclib.ngxgroup.com/Financial_NewsDocs/40890_GUARANTY_TRUST_HOLDING_COMPANY_PLC-_NOTICES_OF_ANNUAL_GENERAL_MEETING_(AGM)_-__ANNUAL_GENERAL_MEETING_(AGM)_APRIL_2024.pdf,
https://doclib.ngxgroup.com/Financial_NewsDocs/40874_GUARANTY_TRUST_HOLDING_COMPANY_PLC-_QUARTER_5_-_FINANCIAL_STATEMENT_FOR_2023_FINANCIAL_STATEMENTS_APRIL_2024.pdf,Financial Statement
https://doclib.ngxgroup.com/Financial_NewsDocs/40610_GUARANTY_TRUST_HOLDING_COMPANY_PLC-_NOTICES_OF_BOARD_MEETING_(BM)_-_NOTICE_BOARD_MEETING_(BM)_MARCH_2024.pdf,
https://doclib.ngxgroup.com/Financial_NewsDocs/GTCO_-_NCCG_REPORT.pdf,
https://doclib.ngxgroup.com/Financial_NewsDocs/GTCO_-_APPROVAL_OF_AFS.pdf,
https://doclib.ngxgroup.com/Financial_NewsDocs/39970_GUARANTY_TRUST_HOLDING_COMPANY_PLC-_NOTICES_OF_BOARD_MEETING_(BM)_-_NOTICE_BOARD_MEETING_(BM)_DECEMBER_2023.pdf,
https://doclib.ngxgroup.com/Financial_NewsDocs/39636_GUARANTY_TRUST_HOLDING_COMPANY_PLC-_QUARTER_3_-_FINANCIAL_STATEMENT_FOR_2023_FINANCIAL_STATEMENTS_OCTOBER_2023.pdf,Financial Statement
https://doclib.ngxgroup.com/Financial_NewsDocs/39460_GUARANTY_TRUST_HOLDING_COMPANY_PLC-_NOTICES_OF_BOARD_MEETING_(BM)_-_NOTICE_BOARD_MEETING_(BM)_SEPTEMBER_2023.pdf,
https://doclib.ngxgroup.com/Financial_NewsDocs/39376_GUARANTY_TRUST_HOLDING_COMPANY_PLC-GTCO_-CORPORATE_ACTION_CORPORATE_ACTIONS_SEPTEMBER_2023.pdf,
https://doclib.ngxgroup.com/Financial_NewsDocs/39375_GUARANTY_TRUST_HOLDING_COMPANY_PLC-_QUARTER_2_-_FINANCIAL_STATEMENT_FOR_2023_FINANCIAL_STATEMENTS_SEPTEMBER_2023.pdf,Financial Statement
https://doclib.ngxgroup.com/Financial_NewsDocs/39352_GUARANTY_TRUST_HOLDING_COMPANY_PLC-PUBLICATION_OF_HALF-YEAR_AUDITED_FINANCIAL_STATEMENTS_CORPORATE_ACTIONS_AUGUST_2023.pdf,
https://doclib.ngxgroup.com/Financial_NewsDocs/38801_GUARANTY_TRUST_HOLDING_COMPANY_PLC-NOTIFICATION_OF_CLOSED_PERIOD_AND_BOARD_MEETING__CORPORATE_ACTIONS_JUNE_2023.pdf,
https://doclib.ngxgroup.com/Financial_NewsDocs/234_GTCO-_DIRECTOR_DEALINGS.pdf,Director Dealings
https://doclib.ngxgroup.com/Financial_NewsDocs/GTCO_-_RESOLUTIONS_FROM_THE_SECOND_ANNUAL_GENERAL_MEETING.pdf,
https://doclib.ngxgroup.com/Financial_NewsDocs/38520_GUARANTY_TRUST_HOLDING_COMPANY_PLC-_NOTICES_OF_ANNUAL_GENERAL_MEETING_(AGM)_-__ANNUAL_GENERAL_MEETING_(AGM)_MAY_2023.pdf,
https://doclib.ngxgroup.com/Financial_NewsDocs/38387_GUARANTY_TRUST_HOLDING_COMPANY_PLC-_QUARTER_1_-_FINANCIAL_STATEMENT_FOR_2023_FINANCIAL_STATEMENTS_APRIL_2023.pdf,Financial Statement
https://doclib.ngxgroup.com/Financial_NewsDocs/38243_GUARANTY_TRUST_HOLDING_COMPANY_PLC-GTCO-CORPORATE_ACTIONS_ANNOUNCEMENT_CORPORATE_ACTIONS_APRIL_2023.pdf,
https://doclib.ngxgroup.com/Financial_NewsDocs/38231_GUARANTY_TRUST_HOLDING_COMPANY_PLC-_QUARTER_5_-_FINANCIAL_STATEMENT_FOR_2022_FINANCIAL_STATEMENTS_APRIL_2023.pdf,Financial Statement
https://doclib.ngxgroup.com/Financial_NewsDocs/GTCO_-_REPORT_ON_COMPLIANCE_WITH_THE_NCCG_2018.pdf,
https://doclib.ngxgroup.com/Financial_NewsDocs/38059_GUARANTY_TRUST_HOLDING_COMPANY_PLC-_NOTICES_OF_BOARD_MEETING_(BM)_-_NOTICE_BOARD_MEETING_(BM)_APRIL_2023.pdf,
https://doclib.ngxgroup.com/Financial_NewsDocs/GTCO_PUBLICATION_OF_THE_AUDITED_FINANCIAL_STATEMENTS_FOR_THE_YEAR_ENDED_DECEMBER_31_2022.pdf,
https://doclib.ngxgroup.com/Financial_NewsDocs/37311_GUARANTY_TRUST_HOLDING_COMPANY_PLC _NOTICES_OF_BOARD_M.pdf,
https://doclib.ngxgroup.com/Financial_NewsDocs/36998_GUARANTY_TRUST_HOLDING_COMPANY_PLC _QUARTER_3_ _FINANC.pdf,Financial Statement
https://doclib.ngxgroup.com/Financial_NewsDocs/36796_GUARANTY_TRUST_HOLDING_COMPANY_PLC _NOTICES_OF_BOARD_M.pdf,
https://doclib.ngxgroup.com/Financial_NewsDocs/36725_GUARANTY_TRUST_HOLDING_COMPANY_PLC GUARANTY_TRUST_HOLD.pdf,
https://doclib.ngxgroup.com/Financial_NewsDocs/36724_GUARANTY_TRUST_HOLDING_COMPANY_PLC _QUARTER_2_ _FINANC.pdf,Financial Statement
https://doclib.ngxgroup.com/Financial_NewsDocs/36677_GUARANTY_TRUST_HOLDING_COMPANY_PLC GUARANTY_TRUST_HOLD.pdf,
https://doclib.ngxgroup.com/Financial_NewsDocs/36237_GUARANTY_TRUST_HOLDING_COMPANY_PLC GUARANTY_TRUST_HOLD.pdf,
https://doclib.ngxgroup.com/Financial_NewsDocs/234_GTCO_-_NOTIFICATION_OF_DEALING_IN_GTCO’S_SHARES_BY_A_DIRECTOR.pdf,Director Dealings
https://doclib.ngxgroup.com/Financial_NewsDocs/36121_GUARANTY_TRUST_HOLDING_COMPANY_PLC GTCO_ APPROVAL_FOR_.pdf,
https://doclib.ngxgroup.com/Financial_NewsDocs/35765_GUARANTY_TRUST_HOLDING_COMPANY_PLC _QUARTER_1_ _FINANC.pdf,Financial Statement
https://doclib.ngxgroup.com/Financial_NewsDocs/35660_GUARANTY_TRUST_HOLDING_COMPANY_PLC GUARANTY_TRUST_HOLD.pdf,
https://doclib.ngxgroup.com/Financial_NewsDocs/35513_GUARANTY_TRUST_HOLDING_COMPANY_PLC _NOTICES_OF_BOARD_M.pdf,
https://doclib.ngxgroup.com/Financial_NewsDocs/35309_GUARANTY_TRUST_HOLDING_COMPANY_PLC GTCO_ _REPORTING_CO.pdf,
https://doclib.ngxgroup.com/Financial_NewsDocs/35284_GUARANTY_TRUST_HOLDING_COMPANY_PLC _NOTICES_OF_ANNUAL_.pdf,
https://doclib.ngxgroup.com/Financial_NewsDocs/35241_GUARANTY_TRUST_HOLDING_COMPANY_PLC CORPORATE_ACTIONS_A.pdf,
https://doclib.ngxgroup.com/Financial_NewsDocs/35229_GUARANTY_TRUST_HOLDING_COMPANY_PLC _AUDITED_FINANCIAL_.pdf,Financial Statement
https://doclib.ngxgroup.com/Financial_NewsDocs/35081_GUARANTY_TRUST_HOLDING_COMPANY_PLC GTCO _ACQUISITION_O.pdf,
https://doclib.ngxgroup.com/Financial_NewsDocs/35076_GUARANTY_TRUST_HOLDING_COMPANY_PLC GTCO_ _ACQUISITION_.pdf,
https://doclib.ngxgroup.com/Financial_NewsDocs/35068_GUARANTY_TRUST_HOLDING_COMPANY_PLC GTCO_ _NOTIFICATION.pdf,
https://doclib.ngxgroup.com/Financial_NewsDocs/35030_GUARANTY_TRUST_HOLDING_COMPANY_PLC BOARD_APPROVAL_OF_T.pdf,
https://doclib.ngxgroup.com/Financial_NewsDocs/34714_GUARANTY_TRUST_HOLDING_COMPANY_PLC NOTIFICATION_OF_BOA.pdf,
https://doclib.ngxgroup.com/Financial_NewsDocs/34346_GUARANTY_TRUST_HOLDING_COMPANY_PLC _QUARTER_3_ _FINANC.pdf,Financial Statement
https://doclib.ngxgroup.com/Financial_NewsDocs/34186_GUARANTY_TRUST_HOLDING_COMPANY_PLC _NOTICES_OF_BOARD_M.pdf,
https://doclib.ngxgroup.com/Financial_NewsDocs/234_INSIDER_DEALINGS.pdf,Director Dealings
https://doclib.ngxgroup.com/Financial_NewsDocs/34074_GUARANTY_TRUST_HOLDING_COMPANY_PLC CORPORATE_ACTIONS_A.pdf,
https://doclib.ngxgroup.com/Financial_NewsDocs/34073_GUARANTY_TRUST_HOLDING_COMPANY_PLC _QUARTER_2_ _FINANC.pdf,Financial Statement
https://doclib.ngxgroup.com/Financial_NewsDocs/34020_GUARANTY_TRUST_HOLDING_COMPANY_PLC PUBLICATION_OF_AUDI.pdf,
