category,link_text,url
Financial Statements,MTN NIGERIA COMMUNICATIONS PLC - AUDITED FINANCIAL STATEMENTS FOR THE YEAR ENDED 31 DECEMBER 2025,https://doclib.ngxgroup.com/Financial_NewsDocs/MTN_Nigeria_-_2025_AFS.pdf
Financial Statements,MTN NIGERIA COMMUNICATIONS PLC- QUARTER 3 - FINANCIAL STATEMENT FOR 2025,https://doclib.ngxgroup.com/Financial_NewsDocs/45362_MTN_NIGERIA_COMMUNICATIONS_PLC-_QUARTER_3_-_FINANCIAL_STATEMENT_FOR_2025_FINANCIAL_STATEMENTS_OCTOBER_2025.pdf
Financial Statements,MTN NIGERIA COMMUNICATIONS PLC- QUARTER 2 - FINANCIAL STATEMENT FOR 2025,https://doclib.ngxgroup.com/Financial_NewsDocs/44759_MTN_NIGERIA_COMMUNICATIONS_PLC-_QUARTER_2_-_FINANCIAL_STATEMENT_FOR_2025_FINANCIAL_STATEMENTS_JULY_2025.pdf
Financial Statements,MTN NIGERIA COMMUNICATIONS PLC- QUARTER 1 - FINANCIAL STATEMENT FOR 2025,https://doclib.ngxgroup.com/Financial_NewsDocs/43963_MTN_NIGERIA_COMMUNICATIONS_PLC-_QUARTER_1_-_FINANCIAL_STATEMENT_FOR_2025_FINANCIAL_STATEMENTS_APRIL_2025.pdf
Financial Statements,MTN NIGERIA COMMUNICATIONS PLC- AUDITED  FINANCIAL STATEMENT FOR THE YEAR ENDED 31 DEC 2024,https://doclib.ngxgroup.com/Financial_NewsDocs/43206_MTN_NIGERIA_COMMUNICATIONS_PLC-_QUARTER_5_-_FINANCIAL_STATEMENT_FOR_2024_FINANCIAL_STATEMENTS_FEBRUARY_2025.pdf
Financial Statements,MTN NIGERIA COMMUNICATIONS PLC- QUARTER 3 - FINANCIAL STATEMENT FOR 2024,https://doclib.ngxgroup.com/Financial_NewsDocs/42543_MTN_NIGERIA_COMMUNICATIONS_PLC-_QUARTER_3_-_FINANCIAL_STATEMENT_FOR_2024_FINANCIAL_STATEMENTS_OCTOBER_2024.pdf
Financial Statements,MTN NIGERIA COMMUNICATIONS PLC- QUARTER 2 - FINANCIAL STATEMENT FOR 2024,https://doclib.ngxgroup.com/Financial_NewsDocs/41930_MTN_NIGERIA_COMMUNICATIONS_PLC-_QUARTER_2_-_FINANCIAL_STATEMENT_FOR_2024_FINANCIAL_STATEMENTS_JULY_2024.pdf
Financial Statements,MTN NIGERIA COMMUNICATIONS PLC- QUARTER 1 - FINANCIAL STATEMENT FOR 2024,https://doclib.ngxgroup.com/Financial_NewsDocs/41079_MTN_NIGERIA_COMMUNICATIONS_PLC-_QUARTER_1_-_FINANCIAL_STATEMENT_FOR_2024_FINANCIAL_STATEMENTS_APRIL_2024.pdf
Financial Statements,MTN NIGERIA COMMUNICATIONS PLC- AUDITED FINANCIAL STATEMENT FOR 2023,https://doclib.ngxgroup.com/Financial_NewsDocs/40416_MTN_NIGERIA_COMMUNICATIONS_PLC-_QUARTER_5_-_FINANCIAL_STATEMENT_FOR_2023_FINANCIAL_STATEMENTS_MARCH_2024.pdf
Financial Statements,MTN NIGERIA COMMUNICATIONS PLC- QUARTER 3 - FINANCIAL STATEMENT FOR 2023,https://doclib.ngxgroup.com/Financial_NewsDocs/39728_MTN_NIGERIA_COMMUNICATIONS_PLC-_QUARTER_3_-_FINANCIAL_STATEMENT_FOR_2023_FINANCIAL_STATEMENTS_OCTOBER_2023.pdf
Financial Statements,MTN NIGERIA COMMUNICATIONS PLC- QUARTER 2 - FINANCIAL STATEMENT FOR 2023,https://doclib.ngxgroup.com/Financial_NewsDocs/39150_MTN_NIGERIA_COMMUNICATIONS_PLC-_QUARTER_2_-_FINANCIAL_STATEMENT_FOR_2023_FINANCIAL_STATEMENTS_JULY_2023.pdf
Financial Statements,MTN NIGERIA COMMUNICATIONS PLC- QUARTER 1 - FINANCIAL STATEMENT FOR 2023,https://doclib.ngxgroup.com/Financial_NewsDocs/38325_MTN_NIGERIA_COMMUNICATIONS_PLC-_QUARTER_1_-_FINANCIAL_STATEMENT_FOR_2023_FINANCIAL_STATEMENTS_APRIL_2023.pdf
Financial Statements,MTN NIGERIA COMMUNICATIONS PLC- AUDITED FINANCIAL STATEMENT FOR 2022,https://doclib.ngxgroup.com/Financial_NewsDocs/37594_MTN_NIGERIA_COMMUNICATIONS_PLC%20_AUDITED_FINANCIAL_STAT.pdf
Financial Statements,MTN NIGERIA COMMUNICATIONS PLC- QUARTER 3 - FINANCIAL STATEMENT FOR 2022,https://doclib.ngxgroup.com/Financial_NewsDocs/37110_MTN_NIGERIA_COMMUNICATIONS_PLC%20_QUARTER_3_%20_FINANCIAL_.pdf
Financial Statements,MTN NIGERIA COMMUNICATIONS PLC- QUARTER 2 - FINANCIAL STATEMENT FOR 2022,https://doclib.ngxgroup.com/Financial_NewsDocs/36559_MTN_NIGERIA_COMMUNICATIONS_PLC%20_QUARTER_2_%20_FINANCIAL_.pdf
Financial Statements,MTN NIGERIA COMMUNICATIONS PLC- UNAUDITED FINANCIAL STATEMENT FOR QUARTER 2,https://doclib.ngxgroup.com/Financial_NewsDocs/MTN_Nigeria_Unaudited_Financial_Statements_H1_2022.pdf
Financial Statements,MTN NIGERIA COMMUNICATIONS PLC- QUARTER 1 - FINANCIAL STATEMENT FOR 2022,https://doclib.ngxgroup.com/Financial_NewsDocs/35843_MTN_NIGERIA_COMMUNICATIONS_PLC%20_QUARTER_1_%20_FINANCIAL_.pdf
Financial Statements,MTN NIGERIA COMMUNICATIONS PLC- AUDITED FINANCIAL STATEMENT FOR 2021,https://doclib.ngxgroup.com/Financial_NewsDocs/34946_MTN_NIGERIA_COMMUNICATIONS_PLC%20_AUDITED_FINANCIAL_STAT.pdf
Financial Statements,MTN NIGERIA COMMUNICATIONS PLC- QUARTER 3 - FINANCIAL STATEMENT FOR 2021,https://doclib.ngxgroup.com/Financial_NewsDocs/34415_MTN_NIGERIA_COMMUNICATIONS_PLC%20_QUARTER_3_%20_FINANCIAL_.pdf
Financial Statements,MTN NIGERIA COMMUNICATIONS PLC- QUARTER 2 - FINANCIAL STATEMENT FOR 2021,https://doclib.ngxgroup.com/Financial_NewsDocs/33894_MTN_NIGERIA_COMMUNICATIONS_PLC%20_QUARTER_2_%20_FINANCIAL_.pdf
Financial Statements,MTN NIGERIA COMMUNICATIONS PLC- QUARTER 1 - FINANCIAL STATEMENT FOR 2021,https://doclib.ngxgroup.com/Financial_NewsDocs/33278_MTN_NIGERIA_COMMUNICATIONS_PLC%20_QUARTER_1_%20_FINANCIAL_.pdf
Financial Statements,MTN NIGERIA COMMUNICATIONS PLC- AUDITED FINANCIAL STATEMENT FOR 2020,https://doclib.ngxgroup.com/Financial_NewsDocs/32500_MTN_NIGERIA_COMMUNICATIONS_PLC%20_AUDITED_FINANCIAL_STAT.pdf
Financial Statements,MTN NIGERIA COMMUNICATIONS PLC- QUARTER 3 - FINANCIAL STATEMENT FOR 2020,https://doclib.ngxgroup.com/Financial_NewsDocs/31719_MTN_NIGERIA_COMMUNICATIONS_PLC%20_QUARTER_3_%20_FINANCIAL_.pdf
Financial Statements,MTN NIGERIA COMMUNICATIONS PLC- QUARTER 2 - FINANCIAL STATEMENT FOR 2020,https://doclib.ngxgroup.com/Financial_NewsDocs/31095_MTN_NIGERIA_COMMUNICATIONS_PLC-_QUARTER_2_-_FINANCIAL_.pdf
Financial Statements,MTN Nigeria Communications Plc - Q1 2020 Unaudited Financial Statement,https://doclib.ngxgroup.com/Financial_NewsDocs/29808_MTN_NIGERIA_COMMUNICATIONS_PLC_FINANCIAL_STATEMENTS_APRIL_2020.pdf
Corporate Disclosures,MTN NIGERIA COMMUNICATIONS PLC- NOTICE OF ANNUAL GENERAL MEETING (AGM),https://doclib.ngxgroup.com/Financial_NewsDocs/46563_MTN_NIGERIA_COMMUNICATIONS_PLC-_NOTICES_OF_ANNUAL_GENERAL_MEETING_(AGM)_-__ANNUAL_GENERAL_MEETING_(AGM)_APRIL_2026.pdf
Corporate Disclosures,MTN NIGERIA COMMUNICATIONS PLC- NOTICE OF BOARD MEETING (BM),https://doclib.ngxgroup.com/Financial_NewsDocs/46426_MTN_NIGERIA_COMMUNICATIONS_PLC-_NOTICES_OF_BOARD_MEETING_(BM)_-_NOTICE_BOARD_MEETING_(BM)_MARCH_2026.pdf
Financial Statements,MTN NIGERIA COMMUNICATIONS PLC - EARNINGS RELEASE FOR FULL YEAR 2025,https://doclib.ngxgroup.com/Financial_NewsDocs/MTN_Nigeria_FY_2025_Earnings_Release.pdf
Corporate Disclosures,MTN NIGERIA COMMUNICATIONS PLC - DIVIDEND ANNOUNCEMENT,https://doclib.ngxgroup.com/Financial_NewsDocs/MTN_Nigeria_-_NGX_Notification_Dividend.pdf
Corporate Disclosures,MTN NIGERIA COMMUNICATIONS PLC- NOTICES OF BOARD MEETING (BM) - NOTICE,https://doclib.ngxgroup.com/Financial_NewsDocs/45585_MTN_NIGERIA_COMMUNICATIONS_PLC-_NOTICES_OF_BOARD_MEETING_(BM)_-_NOTICE_BOARD_MEETING_(BM)_DECEMBER_2025.pdf
Financial Statements,MTN NIGERIA COMMUNICATIONS PLC-MTN NIGERIA Q3 2025 EARNINGS RELEASE,https://doclib.ngxgroup.com/Financial_NewsDocs/45364_MTN_NIGERIA_COMMUNICATIONS_PLC-MTN_NIGERIA_Q3_2025_EARNINGS_RELEASE_CORPORATE_ACTIONS_OCTOBER_2025.pdf
Financial Statements,MTN NIGERIA COMMUNICATIONS PLC-MTN NIGERIA Q3 2025 UNAUDITED FINANCIAL STATEMENTS,https://doclib.ngxgroup.com/Financial_NewsDocs/45359_MTN_NIGERIA_COMMUNICATIONS_PLC-MTN_NIGERIA_Q3_2025_UNAUDITED_FINANCIAL_STATEMENTS_CORPORATE_ACTIONS_OCTOBER_2025.pdf
Corporate Disclosures,MTN NIGERIA COMMUNICATIONS PLC- NOTICES OF BOARD MEETING (BM) - NOTICE,https://doclib.ngxgroup.com/Financial_NewsDocs/44970_MTN_NIGERIA_COMMUNICATIONS_PLC-_NOTICES_OF_BOARD_MEETING_(BM)_-_NOTICE_BOARD_MEETING_(BM)_SEPTEMBER_2025.pdf
Corporate Disclosures,MTN NIGERIA COMMUNICATIONS PLC- NATIONAL ROAMING AGREEMENT WITH 9MOBILE,https://doclib.ngxgroup.com/Listings-site/corporate-disclosure-site/Documents/MTN_Nigeria_Roaming_Agreement_with_9Mobile.pdf
Corporate Disclosures,MTN NIGERIA COMMUNICATIONS PLC- NOTICES OF BOARD MEETING (BM) - NOTICE,https://doclib.ngxgroup.com/Financial_NewsDocs/44320_MTN_NIGERIA_COMMUNICATIONS_PLC-_NOTICES_OF_BOARD_MEETING_(BM)_-_NOTICE_BOARD_MEETING_(BM)_JUNE_2025.pdf
Corporate Disclosures,MTN NIGERIA COMMUNICATIONS PLC – ANNUAL GENERAL MEETING RESOLUTIONS,https://doclib.ngxgroup.com/Listings-site/corporate-disclosure-site/Documents/MTN_Nigeria_Annual_General_Meeting_Resolutions_April_2025_.pdf
Financial Statements,MTN NIGERIA COMMUNICATIONS PLC-MTN NIGERIA Q1 2025 EARNINGS RELEASE,https://doclib.ngxgroup.com/Financial_NewsDocs/43966_MTN_NIGERIA_COMMUNICATIONS_PLC-MTN_NIGERIA_Q1_2025_EARNINGS_RELEASE_CORPORATE_ACTIONS_APRIL_2025.pdf
Corporate Disclosures,MTN NIGERIA COMMUNICATIONS PLC- NOTICES OF BOARD MEETING (BM) - BOARD RESOLUTION,https://doclib.ngxgroup.com/Financial_NewsDocs/43961_MTN_NIGERIA_COMMUNICATIONS_PLC-_NOTICES_OF_BOARD_MEETING_(BM)_-_BOARD_RESOLUTION_BOARD_MEETING_(BM)_APRIL_2025.pdf
Corporate Disclosures,MTN NIGERIA COMMUNICATIONS PLC- NOTICE OF ANNUAL GENERAL MEETING (AGM),https://doclib.ngxgroup.com/Financial_NewsDocs/43741_MTN_NIGERIA_COMMUNICATIONS_PLC-_NOTICES_OF_ANNUAL_GENERAL_MEETING_(AGM)_-__ANNUAL_GENERAL_MEETING_(AGM)_APRIL_2025.pdf
